﻿ID_Onsale,link_Onsale,title,total_price,unit_price,community,layout,floor,build_area,layout_construct,use_area,build_type,towards,build_construct,decorate,stair_resident_ratio,has_elevator,start_sale_time,ownership,last_transfer_time,yearlimit,usefor,property_belong,moregage,has_photo,feature,focus_num,ID_Community,link_Community,district,region,longitude,latitude,build_year,building_num,house_num
3115388225,https://nj.lianjia.com/ershoufang/103115388225.html,紧靠1号线 满五年唯一 诚心卖 边户  采光好,315,34036,金蕊家苑,2室2厅1厨1卫,高楼层 (共11层),92.55,平层,50,板楼,西南,钢混结构,精装,一梯两户,有,2021/6/4,动迁安置房,暂无数据,暂无数据,普通住宅,非共有,无抵押,未上传房本照片,满五年唯一 居家装修 边户 配套完善 安德门双地铁,9,1.41E+12,https://nj.lianjia.com/xiaoqu/1411000000388/,雨花台,安德门,118.763391,31.994544,2007,21,1147
3113428946,https://nj.lianjia.com/ershoufang/103113428946.html,金蕊家苑经典两房 楼层好 近地铁,300,33205,金蕊家苑,2室1厅1厨1卫,高楼层 (共10层),90.35,平层,60,板楼,南 北,钢混结构,简装,一梯两户,有,2021/2/21,商品房,暂无数据,暂无数据,普通住宅,共有,无抵押,未上传房本照片,满两年 居家装修 南北通透 配套完善 安德门双地铁 近河西,18,1.41E+12,https://nj.lianjia.com/xiaoqu/1411000000388/,雨花台,安德门,118.763391,31.994544,2007,21,1147
3114926533,https://nj.lianjia.com/ershoufang/103114926533.html,楼层好 边户 采光无遮挡 业主诚心出售,301,33315,金蕊家苑,2室1厅1厨1卫,高楼层 (共10层),90.35,平层,70,板楼,南 北,钢混结构,简装,一梯两户,有,2021/5/9,动迁安置房,2009/5/21,满五年,普通住宅,非共有,无抵押,已上传房本照片,楼层好边户 采光无遮挡 近安德门双地铁 近河西,17,1.41E+12,https://nj.lianjia.com/xiaoqu/1411000000388/,雨花台,安德门,118.763391,31.994544,2007,21,1147
3105222169,https://nj.lianjia.com/ershoufang/103105222169.html,满五年 户型方正 精装修 采光好 空气流通性强,348,32490,金蕊家苑,3室1厅1厨1卫,低楼层 (共10层),107.11,平层,71,板楼,南,钢混结构,精装,一梯两户,有,2019/7/3,动迁安置房,暂无数据,暂无数据,普通住宅,非共有,无抵押,未上传房本照片,此房满五 户型方正 精装修 采光好 空气流通性强。,9,1.41E+12,https://nj.lianjia.com/xiaoqu/1411000000388/,雨花台,安德门,118.763391,31.994544,2007,21,1147
3111784495,https://nj.lianjia.com/ershoufang/103111784495.html,满五唯一 简装 位置安静 急售换房,238,35555,金蕊家苑,2室2厅1厨2卫,高楼层 (共6层),66.94,跃层,72,板楼,南 北,混合结构,精装,一梯两户,无,2020/10/17,动迁安置房,暂无数据,暂无数据,普通住宅,非共有,无抵押,未上传房本照片,满五唯一 简装 位置安静 急售换房,1,1.41E+12,https://nj.lianjia.com/xiaoqu/1411000000388/,雨花台,安德门,118.763391,31.994544,2007,21,1147
3114276034,https://nj.lianjia.com/ershoufang/103114276034.html,金蕊家苑 3室1厅 南 北,258,38542,金蕊家苑,3室1厅1厨2卫,高楼层 (共6层),66.94,跃层,73,板楼,南 北,钢混结构,其他,一梯两户,无,2021/4/4,动迁安置房,暂无数据,暂无数据,普通住宅,共有,有抵押141万元,未上传房本照片,链家网真房源 更多房源信息请联系经纪人,2,1.41E+12,https://nj.lianjia.com/xiaoqu/1411000000388/,雨花台,安德门,118.763391,31.994544,2007,21,1147
3114250171,https://nj.lianjia.com/ershoufang/103114250171.html,金蕊家苑 3室1厅 南,360,33787,金蕊家苑,3室1厅1厨1卫,高楼层 (共11层),106.55,平层,74,板楼,南,钢混结构,其他,一梯两户,有,2021/4/2,商品房,暂无数据,暂无数据,普通住宅,非共有,有抵押房贷有25w左右 有二押100w,未上传房本照片,链家网真房源 更多房源信息请联系经纪人,0,1.41E+12,https://nj.lianjia.com/xiaoqu/1411000000388/,雨花台,安德门,118.763391,31.994544,2007,21,1147
3115789034,https://nj.lianjia.com/ershoufang/103115789034.html,康润园 3室1厅 南,275,35480,康润园,3室1厅1厨1卫,低楼层 (共6层),77.51,平层,75,板楼,南,混合结构,简装,一梯两户,无,2021/6/27,商品房,暂无数据,暂无数据,普通住宅,非共有,无抵押,未上传房本照片,链家网真房源 更多房源信息请联系经纪人,1,2.51E+12,https://nj.lianjia.com/xiaoqu/2511052161839/,雨花台,安德门,118.7612724,31.99646666,1999,16,777
3103577620,https://nj.lianjia.com/ershoufang/103103577620.html,南北通透格局 前后采光不挡 安德门商圈 交通方便,285,29847,康润园,2室1厅1厨1卫,低楼层 (共6层),95.49,平层,76,板楼,南 北,钢混结构,精装,一梯两户,无,2018/12/14,商品房,2007/3/7,满五年,普通住宅,共有,无抵押,已上传房本照片,南北通透 采光充足 基础配套设施完善 ,3,2.51E+12,https://nj.lianjia.com/xiaoqu/2511052161839/,雨花台,安德门,118.7612724,31.99646666,1999,16,777
3115548169,https://nj.lianjia.com/ershoufang/103115548169.html,南北通透格局好 有地下室和阁楼,300,31464,康润园,3室2厅1厨2卫,高楼层 (共6层),95.35,跃层,77,板楼,南 北,钢混结构,简装,一梯两户,无,2021/6/13,商品房,暂无数据,暂无数据,普通住宅,共有,无抵押,未上传房本照片,南北通透格局好 有地下室和阁楼家里可用面积多,2,2.51E+12,https://nj.lianjia.com/xiaoqu/2511052161839/,雨花台,安德门,118.7612724,31.99646666,1999,16,777
3115695164,https://nj.lianjia.com/ershoufang/103115695164.html,南北通透 近地铁 满五年唯一 ,200,31747,康润园,2室1厅1厨1卫,高楼层 (共6层),63,平层,78,板楼,南 北,混合结构,其他,一梯两户,无,2021/6/21,商品房,暂无数据,暂无数据,普通住宅,共有,无抵押,未上传房本照片,南北通透 近地铁 采光好 带储藏室,1,2.51E+12,https://nj.lianjia.com/xiaoqu/2511052161839/,雨花台,安德门,118.7612724,31.99646666,1999,16,777
3115621628,https://nj.lianjia.com/ershoufang/103115621628.html,近地铁宝藏房源  采光不挡 南北通透 带储藏室,225,35932,康润园,2室1厅1厨1卫,高楼层 (共6层),62.62,平层,79,板楼,南 北,钢混结构,其他,一梯两户,无,2021/6/17,商品房,暂无数据,暂无数据,普通住宅,非共有,有抵押75万元,未上传房本照片,南北通透 近地铁 采光好 带储藏室,0,2.51E+12,https://nj.lianjia.com/xiaoqu/2511052161839/,雨花台,安德门,118.7612724,31.99646666,1999,16,777
3115589418,https://nj.lianjia.com/ershoufang/103115589418.html,安德门 两室一厅 边户 满五唯一,224,34473,康润园,2室1厅1厨1卫,高楼层 (共6层),64.98,平层,80,板楼,南 北,钢混结构,简装,一梯两户,无,2021/6/15,商品房,暂无数据,暂无数据,普通住宅,共有,有抵押20万元业主自还,未上传房本照片,出新小区 满五唯一 边户 采光好,3,2.51E+12,https://nj.lianjia.com/xiaoqu/2511052161839/,雨花台,安德门,118.7612724,31.99646666,1999,16,777
3112989366,https://nj.lianjia.com/ershoufang/103112989366.html,康润园  交通便利 采光充足  采光充足,202,32064,康润园,2室1厅1厨1卫,高楼层 (共6层),63,平层,81,板楼,南,钢混结构,其他,一梯两户,无,2021/1/10,商品房,暂无数据,暂无数据,普通住宅,共有,无抵押,未上传房本照片,安德门、小行双地铁 生活便利 配套成熟 2居 近河西,6,2.51E+12,https://nj.lianjia.com/xiaoqu/2511052161839/,雨花台,安德门,118.7612724,31.99646666,1999,16,777
3112948162,https://nj.lianjia.com/ershoufang/103112948162.html,康润园  安德门商圈  交通便利  小区环境好,361,34839,康润园,3室2厅1厨1卫,中楼层 (共5层),103.62,平层,82,板楼,南,钢混结构,其他,一梯一户,无,2021/1/7,商品房,暂无数据,暂无数据,普通住宅,非共有,有抵押190万元经营性贷款客户偿还,未上传房本照片,康润园  安德门商圈  交通便利  小区环境好,0,2.51E+12,https://nj.lianjia.com/xiaoqu/2511052161839/,雨花台,安德门,118.7612724,31.99646666,1999,16,777
3113155294,https://nj.lianjia.com/ershoufang/103113155294.html,近地铁交通便利满五唯一的好房必买全明户型,195,30709,康润园,2室1厅1厨1卫,高楼层 (共6层),63.5,平层,83,板楼,南,钢混结构,其他,一梯两户,无,2021/1/22,商品房,2020/9/18,未满两年,普通住宅,非共有,无抵押,已上传房本照片,满五唯一 楼层好 总价低 近地铁 ,3,2.51E+12,https://nj.lianjia.com/xiaoqu/2511052161839/,雨花台,安德门,118.7612724,31.99646666,1999,16,777
3113865807,https://nj.lianjia.com/ershoufang/103113865807.html,安德门商圈 精装一室 低楼层 采光不挡,135,34984,康润园,1室1厅1厨1卫,低楼层 (共6层),38.59,平层,84,板楼,南,钢混结构,简装,一梯两户,无,2021/3/14,商品房,暂无数据,暂无数据,普通住宅,非共有,有抵押40万元建设银行客户偿还,未上传房本照片,生活便利 交通方便 一号线、十号线双地铁,3,2.51E+12,https://nj.lianjia.com/xiaoqu/2511052161839/,雨花台,安德门,118.7612724,31.99646666,1999,16,777
3114748148,https://nj.lianjia.com/ershoufang/103114748148.html,有钥匙   空间格局装修好  全明户型,162,31641,康润园,2室1厅1厨1卫,高楼层 (共6层),51.2,平层,85,板楼,南,钢混结构,其他,一梯两户,无,2021/4/29,商品房,暂无数据,暂无数据,普通住宅,非共有,有抵押30万元中国银客户偿还,未上传房本照片,业主诚心出售   有钥匙基本都能看  装修好,1,2.51E+12,https://nj.lianjia.com/xiaoqu/2511052161839/,雨花台,安德门,118.7612724,31.99646666,1999,16,777
3114681364,https://nj.lianjia.com/ershoufang/103114681364.html,河西奥体并肩 康润园  中间位置 视野好 得房率高,263,36028,康润园,2室1厅1厨1卫,高楼层 (共6层),73,平层,86,板楼,南 北,钢混结构,精装,一梯两户,无,2021/4/25,商品房,暂无数据,暂无数据,普通住宅,共有,有抵押,未上传房本照片,此房满五不唯一 正规2房 小区中间位置  近地铁  南北通透,0,2.51E+12,https://nj.lianjia.com/xiaoqu/2511052161839/,雨花台,安德门,118.7612724,31.99646666,1999,16,777
3104430017,https://nj.lianjia.com/ershoufang/103104430017.html,满五年唯一 生活方便 南北通透 装修好 配套完善,160,30535,康润园,2室1厅1厨1卫,高楼层 (共5层),52.4,暂无数据,87,板楼,南 北,钢混结构,精装,一梯两户,无,2019/4/15,商品房,暂无数据,暂无数据,普通住宅,共有,无抵押,未上传房本照片,满五年唯一 安德门双地铁 生活方便 南北通透 装修好 ,0,2.51E+12,https://nj.lianjia.com/xiaoqu/2511052161839/,雨花台,安德门,118.7612724,31.99646666,1999,16,777
3113201273,https://nj.lianjia.com/ershoufang/103113201273.html,主城区 电梯洋房 环境好 2016年房龄,358,45998,德盈菁华园,3室1厅1厨1卫,中楼层 (共6层),77.83,平层,88,板楼,南 北,钢混结构,其他,一梯四户,有,2021/1/26,商品房,暂无数据,暂无数据,普通住宅,非共有,有抵押100万元客户偿还,未上传房本照片,主城区 电梯洋房 环境好 2016年房龄,34,1.42E+15,https://nj.lianjia.com/xiaoqu/1415735562471481/,雨花台,安德门,118.764628,31.993466,2016,4,188
3113742381,https://nj.lianjia.com/ershoufang/103113742381.html,多层电梯洋房 房龄新 装修很好拎包入住 很安静,288,47221,德盈菁华园,2室1厅1厨1卫,低楼层 (共6层),60.99,平层,89,板楼,南 北,钢混结构,简装,一梯四户,有,2021/3/8,商品房,暂无数据,暂无数据,普通住宅,非共有,无抵押,未上传房本照片,主城区多层电梯洋房 2017年房龄新 装修很好拎包入住 很安静,12,1.42E+15,https://nj.lianjia.com/xiaoqu/1415735562471481/,雨花台,安德门,118.764628,31.993466,2016,4,188
3112684579,https://nj.lianjia.com/ershoufang/103112684579.html,全明东边户 居家装修 交通便利。,142,31605,小行路,2室1厅1厨1卫,低楼层 (共6层),44.93,平层,90,板楼,南 北,混合结构,精装,一梯两户,无,2020/12/17,商品房,暂无数据,暂无数据,普通住宅,非共有,有抵押50万元,未上传房本照片,业主诚心卖 居家装修 养老楼层 得房率高,10,1.41E+12,https://nj.lianjia.com/xiaoqu/1411043618526/,雨花台,安德门,118.764602,31.99557132,1979,15,429
3114730522,https://nj.lianjia.com/ershoufang/103114730522.html,此房满五唯一 楼层好 南北朝向 诚心出售,229,32879,小行路,3室1厅1厨1卫,低楼层 (共6层),69.65,平层,91,板楼,南 北,混合结构,简装,一梯两户,暂无数据,2021/4/28,商品房,2015/8/17,满五年,普通住宅,共有,有抵押25万元紫金银行客户偿还,已上传房本照片,此房满五唯一 楼层好 南北朝向 诚心出售 交通便利,1,1.41E+12,https://nj.lianjia.com/xiaoqu/1411043618526/,雨花台,安德门,118.764602,31.99557132,1979,15,429
3114662899,https://nj.lianjia.com/ershoufang/103114662899.html,安德门地铁口  配套齐全  低总价小两房,180,31094,小行路,2室1厅1厨1卫,高楼层 (共6层),57.89,平层,92,板楼,南 北,混合结构,精装,一梯两户,无,2021/4/24,商品房,2018/4/6,满两年,普通住宅,共有,有抵押90万元建设银行客户偿还,已上传房本照片,小行路 安德门地铁 满二年唯一有个税 交通便利 配套完善,3,1.41E+12,https://nj.lianjia.com/xiaoqu/1411043618526/,雨花台,安德门,118.764602,31.99557132,1979,15,429
3114643203,https://nj.lianjia.com/ershoufang/103114643203.html,安德门 小行路26号 三室一厅 中间楼层 随时看房,230,33023,小行路,3室1厅1厨1卫,中楼层 (共6层),69.65,平层,93,板楼,南 北,混合结构,简装,一梯两户,暂无数据,2021/4/23,商品房,暂无数据,暂无数据,普通住宅,非共有,无抵押,未上传房本照片,小行路 安德门地铁 交通便利 配套完善 户型方正 双南一北,4,1.41E+12,https://nj.lianjia.com/xiaoqu/1411043618526/,雨花台,安德门,118.764602,31.99557132,1979,15,429
3108251255,https://nj.lianjia.com/ershoufang/103108251255.html,小行路 安德门双地铁 卧室宽敞 交通便利 银城物业,338,32379,小行路,3室2厅1厨1卫,中楼层 (共7层),104.39,平层,94,板楼,南 北,钢混结构,其他,一梯两户,无,2020/3/28,房改房,2019/3/15,满两年,普通住宅,非共有,无抵押,已上传房本照片,宽敞大3房 南北通透 近安德门地铁站 生活配套完善 满五年,0,1.41E+12,https://nj.lianjia.com/xiaoqu/1411043618526/,雨花台,安德门,118.764602,31.99557132,1979,15,429
3115021192,https://nj.lianjia.com/ershoufang/103115021192.html,小区在安德门地铁口 居家装修好房,185,27465,小行路,2室1厅1厨1卫,高楼层 (共5层),67.36,平层,95,板楼,南,钢混结构,其他,一梯四户,无,2021/5/14,私产,暂无数据,暂无数据,普通住宅,共有,有抵押,未上传房本照片,满五年不唯一 安德门地铁口 居家装修  采光好,5,1.41E+12,https://nj.lianjia.com/xiaoqu/1411043618526/,雨花台,安德门,118.764602,31.99557132,1979,15,429
3113211358,https://nj.lianjia.com/ershoufang/103113211358.html,小行路 安德门地铁 交通便利 配套完善 户型方正 双南,199,28572,小行路,3室1厅1厨1卫,高楼层 (共6层),69.65,平层,96,板楼,南,混合结构,精装,一梯两户,暂无数据,2021/1/27,商品房,暂无数据,暂无数据,普通住宅,共有,无抵押,未上传房本照片,小行路 安德门地铁 交通便利 配套完善 户型方正 双南,3,1.41E+12,https://nj.lianjia.com/xiaoqu/1411043618526/,雨花台,安德门,118.764602,31.99557132,1979,15,429
3102261801,https://nj.lianjia.com/ershoufang/103102261801.html,消防大队家属楼 小区管理严禁 交通便利,314,30080,小行路,3室2厅1厨1卫,低楼层 (共7层),104.39,平层,97,板楼,南 北,钢混结构,简装,一梯两户,无,2018/3/29,房改房,暂无数据,暂无数据,普通住宅,非共有,有抵押80万元客户偿还,未上传房本照片,消防大队家属楼 小区管理严禁 交通便利 采光不挡,2,1.41E+12,https://nj.lianjia.com/xiaoqu/1411043618526/,雨花台,安德门,118.764602,31.99557132,1979,15,429
3114164629,https://nj.lianjia.com/ershoufang/103114164629.html,雨花实小 小行路15号 出新小区 总价低 业主诚心出售,148,30630,小行路,2室1厅1厨1卫,高楼层 (共5层),48.32,平层,98,板楼,南 北,钢混结构,其他,一梯四户,无,2021/3/29,商品房,暂无数据,暂无数据,普通住宅,共有,有抵押,未上传房本照片,满三年 精装修 改造过 小两室总价低,1,1.41E+12,https://nj.lianjia.com/xiaoqu/1411043618526/,雨花台,安德门,118.764602,31.99557132,1979,15,429
3110556573,https://nj.lianjia.com/ershoufang/103110556573.html,消防大队家属楼 小区管理严禁 交通便利 采光不挡,362,34632,小行路,3室2厅1厨1卫,高楼层 (共10层),104.53,平层,99,板楼,南 北,钢混结构,其他,一梯两户,有,2020/8/2,商品房,暂无数据,暂无数据,普通住宅,非共有,无抵押,未上传房本照片,消防大队家属楼 小区管理严禁 交通便利 采光不挡,1,1.41E+12,https://nj.lianjia.com/xiaoqu/1411043618526/,雨花台,安德门,118.764602,31.99557132,1979,15,429
3112354786,https://nj.lianjia.com/ershoufang/103112354786.html,房子采光不挡 中间楼层 业主诚心出售。,350,33484,小行路,3室2厅1厨1卫,低楼层 (共10层),104.53,暂无数据,100,板楼,南 北,钢混结构,其他,一梯两户,有,2020/11/24,商品房,暂无数据,暂无数据,普通住宅,非共有,有抵押,未上传房本照片,宽敞大3房 南北通透 近安德门地铁站 生活配套完善 ,0,1.41E+12,https://nj.lianjia.com/xiaoqu/1411043618526/,雨花台,安德门,118.764602,31.99557132,1979,15,429
3113372321,https://nj.lianjia.com/ershoufang/103113372321.html,安德门地铁  交通便利  低总价两房  配套齐全,158,27294,小行路,2室1厅1厨1卫,高楼层 (共6层),57.89,平层,101,板楼,南 北,钢混结构,精装,一梯两户,无,2021/2/19,房改房,暂无数据,暂无数据,普通住宅,非共有,无抵押,未上传房本照片,小行路 安德门地铁 满五唯一无个税 交通便利 配套完善 ,0,1.41E+12,https://nj.lianjia.com/xiaoqu/1411043618526/,雨花台,安德门,118.764602,31.99557132,1979,15,429
3112810425,https://nj.lianjia.com/ershoufang/103112810425.html,满五不唯一 户型方正 配套齐 业主急售,308,39985,德安花园,3室1厅1厨1卫,低楼层 (共6层),77.03,平层,102,板楼,南,砖混结构,精装,一梯两户,无,2020/12/27,商品房,暂无数据,暂无数据,普通住宅,非共有,有抵押50万元招商银行客户偿还,未上传房本照片,满五不唯一 户型方正  配套齐 业主急售,10,1.41E+12,https://nj.lianjia.com/xiaoqu/1411000000093/,雨花台,安德门,118.76712,31.999557,2004,9,374
3115773746,https://nj.lianjia.com/ershoufang/103115773746.html,视野宽阔 配套设施齐全 满五年不唯一,355,40300,德安花园,2室2厅1厨1卫,中楼层 (共6层),88.09,暂无数据,103,板塔结合,南,砖混结构,精装,一梯两户,无,2021/6/26,商品房,暂无数据,暂无数据,普通住宅,共有,无抵押,未上传房本照片,小区位置好 与安德门地铁站一路之隔 出行十分方便 小区一..,0,1.41E+12,https://nj.lianjia.com/xiaoqu/1411000000093/,雨花台,安德门,118.76712,31.999557,2004,9,374
3113712426,https://nj.lianjia.com/ershoufang/103113712426.html,安德门地铁口 顶楼带阁楼 不算产权面积。,485,43285,德安花园,4室2厅1厨3卫,高楼层 (共6层),112.05,跃层,104,板塔结合,南,钢混结构,简装,一梯两户,无,2021/3/7,商品房,暂无数据,暂无数据,普通住宅,非共有,有抵押24万元招商银行,未上传房本照片,安德门地铁口 满五年 可拎包入住 顶楼带阁楼 不算产权面积。,0,1.41E+12,https://nj.lianjia.com/xiaoqu/1411000000093/,雨花台,安德门,118.76712,31.999557,2004,9,374
3115494015,https://nj.lianjia.com/ershoufang/103115494015.html,满五不唯一 户型方正 配套齐 业主急售 看房方便,325,42192,德安花园,2室2厅1厨1卫,高楼层 (共6层),77.03,平层,105,板楼,南,砖混结构,其他,一梯两户,无,2021/6/10,商品房,暂无数据,暂无数据,普通住宅,非共有,无抵押,未上传房本照片,满五不唯一 户型方正 配套齐 业主急售,0,1.41E+12,https://nj.lianjia.com/xiaoqu/1411000000093/,雨花台,安德门,118.76712,31.999557,2004,9,374
3108923663,https://nj.lianjia.com/ershoufang/103108923663.html,满五唯一 实用面积很大 交通便利 有地下室,363,46930,德安花园,3室2厅1厨2卫,高楼层 (共6层),77.35,跃层,106,板楼,南,砖混结构,其他,一梯两户,无,2020/5/2,商品房,暂无数据,暂无数据,普通住宅,非共有,无抵押,未上传房本照片,满五唯一 视野开阔 采光充足 实用面积很大 交通便利,0,1.41E+12,https://nj.lianjia.com/xiaoqu/1411000000093/,雨花台,安德门,118.76712,31.999557,2004,9,374
3105987897,https://nj.lianjia.com/ershoufang/103105987897.html,安德门地铁口带露台大两房户型方正,410,43618,德安花园,2室2厅1厨2卫,中楼层 (共6层),94,平层,107,板塔结合,南,钢混结构,精装,一梯两户,无,2019/9/5,商品房,暂无数据,暂无数据,普通住宅,共有,无抵押,未上传房本照片,视野宽阔 配套设施齐全 满五年不唯一,1,1.41E+12,https://nj.lianjia.com/xiaoqu/1411000000093/,雨花台,安德门,118.76712,31.999557,2004,9,374
3115268073,https://nj.lianjia.com/ershoufang/103115268073.html,德安花园 4室2厅 南 北,398,44450,德安花园,4室2厅1厨2卫,高楼层 (共6层),89.54,跃层,108,板塔结合,南 北,砖混结构,其他,一梯两户,无,2021/5/28,商品房,暂无数据,暂无数据,普通住宅,共有,无抵押,未上传房本照片,链家网真房源 更多房源信息请联系经纪人,0,1.41E+12,https://nj.lianjia.com/xiaoqu/1411000000093/,雨花台,安德门,118.76712,31.999557,2004,9,374
3114042895,https://nj.lianjia.com/ershoufang/103114042895.html,居家装修 业主诚售 实用面积大 大三房  不占用,349,36065,德安花园,3室2厅1厨2卫,高楼层 (共6层),96.77,暂无数据,109,板塔结合,南,钢混结构,精装,一梯两户,无,2021/3/23,商品房,2007/6/14,满五年,普通住宅,非共有,有抵押15万元建行,已上传房本照片,居家装修 业主诚售 实用面积大 大三房 价好谈 不占用,0,1.41E+12,https://nj.lianjia.com/xiaoqu/1411000000093/,雨花台,安德门,118.76712,31.999557,2004,9,374
3115717356,https://nj.lianjia.com/ershoufang/103115717356.html,安德门商圈 雨小雨中 户型方正三房 采光刺眼 诚心卖,339,37680,龙福山庄,3室1厅1厨1卫,高楼层 (共7层),89.97,平层,110,板楼,南 北,钢混结构,其他,一梯两户,无,2021/6/23,商品房,暂无数据,暂无数据,普通住宅,非共有,无抵押,未上传房本照片,安德门商圈 雨小雨中 户型方正三房 采光刺眼 诚心卖,0,1.41E+12,https://nj.lianjia.com/xiaoqu/1411000000430/,雨花台,安德门,118.766308,32.002635,2000,14,526
3113595643,https://nj.lianjia.com/ershoufang/103113595643.html,此房满五年 户型方正 采光好 交通便利 业主诚心卖,390,33688,龙福山庄,3室2厅1厨1卫,高楼层 (共7层),115.77,平层,111,板楼,南 北,混合结构,其他,一梯两户,无,2021/3/1,商品房,2012/11/30,满五年,普通住宅,非共有,有抵押业主自还,已上传房本照片,此房满五年 户型方正 采光好 交通便利 业主诚心卖,2,1.41E+12,https://nj.lianjia.com/xiaoqu/1411000000430/,雨花台,安德门,118.766308,32.002635,2000,14,526
3115293492,https://nj.lianjia.com/ershoufang/103115293492.html,龙福山庄 2室2厅 南,300,39688,龙福山庄,2室2厅1厨1卫,高楼层 (共7层),75.59,平层,112,板塔结合,南,混合结构,其他,一梯两户,无,2021/5/30,商品房,暂无数据,暂无数据,普通住宅,共有,有抵押,未上传房本照片,链家网真房源 更多房源信息请联系经纪人,2,1.41E+12,https://nj.lianjia.com/xiaoqu/1411000000430/,雨花台,安德门,118.766308,32.002635,2000,14,526
3115279886,https://nj.lianjia.com/ershoufang/103115279886.html,顶楼带阁楼 实用面积大 视野开阔,280,37042,龙福山庄,3室1厅1厨1卫,高楼层 (共7层),75.59,跃层,113,板塔结合,南 北,钢混结构,其他,一梯两户,无,2021/5/29,商品房,暂无数据,暂无数据,普通住宅,共有,无抵押,未上传房本照片,虹悦城商圈  顶楼带阁楼 视野开阔 采光足 诚心出售,3,1.41E+12,https://nj.lianjia.com/xiaoqu/1411000000430/,雨花台,安德门,118.766308,32.002635,2000,14,526
3115495094,https://nj.lianjia.com/ershoufang/103115495094.html,虹悦城商圈 满五年 基础设施完善 交通便利 诚心出售,210,44267,龙福山庄,1室1厅1厨1卫,低楼层 (共7层),47.44,平层,114,板楼,南,钢混结构,其他,一梯两户,无,2021/6/10,商品房,暂无数据,暂无数据,普通住宅,非共有,有抵押60万元,未上传房本照片,虹悦城商圈 满五年 基础设施完善 交通便利 诚心出售,1,1.41E+12,https://nj.lianjia.com/xiaoqu/1411000000430/,雨花台,安德门,118.766308,32.002635,2000,14,526
3113720524,https://nj.lianjia.com/ershoufang/103113720524.html,顶楼带阁楼  2001年商品房 两房朝南 一房在北,375,42069,龙福山庄,3室1厅1厨1卫,高楼层 (共7层),89.14,跃层,115,板塔结合,南 北,混合结构,其他,一梯两户,无,2021/3/7,商品房,暂无数据,暂无数据,普通住宅,共有,有抵押20万元,未上传房本照片,顶楼带阁楼  2001年商品房 两房朝南 一房在北,1,1.41E+12,https://nj.lianjia.com/xiaoqu/1411000000430/,雨花台,安德门,118.766308,32.002635,2000,14,526
3113996163,https://nj.lianjia.com/ershoufang/103113996163.html,虹悦城商圈 满五年 基础设施完善 交通便利 诚心出售,360,40559,龙福山庄,3室1厅1厨1卫,低楼层 (共7层),88.76,平层,116,板楼,南 北,混合结构,其他,一梯两户,无,2021/3/20,商品房,暂无数据,暂无数据,普通住宅,非共有,有抵押20万元,未上传房本照片,虹悦城商圈 满五年 基础设施完善 交通便利 诚心出售,3,1.41E+12,https://nj.lianjia.com/xiaoqu/1411000000430/,雨花台,安德门,118.766308,32.002635,2000,14,526
3114669948,https://nj.lianjia.com/ershoufang/103114669948.html,安德门 业主精装自住 东边户 南北通风！！,298,37466,龙福山庄,2室2厅1厨1卫,高楼层 (共7层),79.54,平层,117,板塔结合,南 北,混合结构,其他,一梯两户,无,2021/4/24,商品房,暂无数据,暂无数据,普通住宅,共有,有抵押60万元招商客户偿还,未上传房本照片,安德门 满五年 基础设施完善 交通便利 诚心出售,1,1.41E+12,https://nj.lianjia.com/xiaoqu/1411000000430/,雨花台,安德门,118.766308,32.002635,2000,14,526
3109489096,https://nj.lianjia.com/ershoufang/103109489096.html,采光好 通透户型 业主诚心卖 提前预约 看房方便,280,35203,龙福山庄,2室2厅1厨1卫,高楼层 (共7层),79.54,跃层,118,板塔结合,南 北,钢混结构,简装,一梯两户,无,2020/6/1,商品房,暂无数据,暂无数据,普通住宅,共有,无抵押,未上传房本照片,此房满五唯一 采光好 通透户型 业主诚心卖 提前预约 看房方便,0,1.41E+12,https://nj.lianjia.com/xiaoqu/1411000000430/,雨花台,安德门,118.766308,32.002635,2000,14,526
3110872648,https://nj.lianjia.com/ershoufang/103110872648.html,此房满五不唯一 带阁楼 精装修 三房,320,35956,龙福山庄,3室2厅1厨1卫,高楼层 (共7层),89,跃层,119,板楼,南 北,混合结构,其他,一梯两户,无,2020/8/20,商品房,暂无数据,暂无数据,普通住宅,共有,无抵押,未上传房本照片,  此房满五不唯一 带阁楼 精装修 三房,0,1.41E+12,https://nj.lianjia.com/xiaoqu/1411000000430/,雨花台,安德门,118.766308,32.002635,2000,14,526
3114966569,https://nj.lianjia.com/ershoufang/103114966569.html,虹悦城商圈 满五年唯一 顶楼带阁楼 交通便利 诚心出售,233,36636,龙福山庄,2室1厅1厨1卫,高楼层 (共7层),63.6,跃层,120,板塔结合,南 北,钢混结构,简装,一梯两户,无,2021/5/11,商品房,暂无数据,暂无数据,普通住宅,共有,无抵押,未上传房本照片,虹悦城商圈 满五年唯一 顶楼带阁楼 交通便利 诚心出售,9,1.41E+12,https://nj.lianjia.com/xiaoqu/1411000000430/,雨花台,安德门,118.766308,32.002635,2000,14,526
3109285300,https://nj.lianjia.com/ershoufang/103109285300.html,龙福山庄  房龄新  光线好 近安德门地铁站,253,32209,龙福山庄,2室1厅1厨1卫,中楼层 (共7层),78.55,平层,121,板塔结合,南,混合结构,简装,一梯三户,无,2020/5/21,商品房,暂无数据,暂无数据,普通住宅,非共有,无抵押,未上传房本照片,  龙福山庄  房龄新  光线好   近安德门地铁站,1,1.41E+12,https://nj.lianjia.com/xiaoqu/1411000000430/,雨花台,安德门,118.766308,32.002635,2000,14,526
3113504067,https://nj.lianjia.com/ershoufang/103113504067.html,基础设施完善 交通便利 采光好 诚心出售,210,44267,龙福山庄,1室1厅1厨1卫,高楼层 (共7层),47.44,平层,122,板楼,南,钢混结构,其他,一梯两户,无,2021/2/25,商品房,暂无数据,暂无数据,普通住宅,非共有,有抵押20万元,未上传房本照片,虹悦城商圈 满四年  户型方正 不临街,0,1.41E+12,https://nj.lianjia.com/xiaoqu/1411000000430/,雨花台,安德门,118.766308,32.002635,2000,14,526
3107257683,https://nj.lianjia.com/ershoufang/103107257683.html,安德门双地铁  精装修 家电齐全 采光好 价格可谈,275,30184,江苏警官学院家属区,3室2厅1厨2卫,高楼层 (共7层),91.11,平层,123,板楼,南,混合结构,精装,一梯两户,无,2019/12/9,商品房,2016/8/24,满两年,普通住宅,共有,有抵押90万元兴业银行业主自还,已上传房本照片,安德门双地铁  精装修 家电齐全 采光好 价格可谈,1,1.47E+14,https://nj.lianjia.com/xiaoqu/147331448893410/,雨花台,安德门,118.765818,31.997544,1983,8,221
3112088767,https://nj.lianjia.com/ershoufang/103112088767.html,安德门商圈 采光好 业主诚心卖 价格可谈,198,32957,江苏警官学院家属区,2室1厅1厨1卫,低楼层 (共7层),60.08,平层,124,板楼,南,钢混结构,简装,一梯三户,无,2020/11/6,商品房,2012/10/15,满五年,普通住宅,共有,无抵押,已上传房本照片,安德门商圈 采光好 业主诚心卖 价格可谈,4,1.47E+14,https://nj.lianjia.com/xiaoqu/147331448893410/,雨花台,安德门,118.765818,31.997544,1983,8,221
3114916839,https://nj.lianjia.com/ershoufang/103114916839.html,安德门双地铁 楼层好 家电齐全 采光好 满五唯一,230,36572,江苏警官学院家属区,2室1厅1厨1卫,中楼层 (共5层),62.89,平层,125,板楼,南,钢混结构,简装,一梯两户,无,2021/5/8,私产,2004/1/5,满五年,普通住宅,非共有,无抵押,已上传房本照片,安德门双地铁 楼层好 家电齐全 采光好 满五唯一,2,1.47E+14,https://nj.lianjia.com/xiaoqu/147331448893410/,雨花台,安德门,118.765818,31.997544,1983,8,221
3111147196,https://nj.lianjia.com/ershoufang/103111147196.html,江苏警官学院家属区 交通方便 环境不错 业主诚心卖,275,30184,江苏警官学院家属区,3室1厅1厨1卫,高楼层 (共6层),91.11,平层,126,板楼,南,钢混结构,其他,一梯两户,无,2020/9/6,房改房,2020/9/6,未满两年,普通住宅,非共有,无抵押,已上传房本照片,此房满五不唯一 采光好 业主诚心卖 价格有空间 交通方便,0,1.47E+14,https://nj.lianjia.com/xiaoqu/147331448893410/,雨花台,安德门,118.765818,31.997544,1983,8,221
3114185311,https://nj.lianjia.com/ershoufang/103114185311.html,安德门商圈 采光好 业主诚心卖 价格可谈,238,35104,江苏警官学院家属区,2室1厅1厨1卫,高楼层 (共4层),67.8,平层,127,暂无数据,南 北,未知结构,其他,一梯一户,暂无数据,2021/3/30,商品房,暂无数据,暂无数据,普通住宅,共有,有抵押15万元业主自还,未上传房本照片,安德门商圈 采光好 业主诚心卖 价格可谈,0,1.47E+14,https://nj.lianjia.com/xiaoqu/147331448893410/,雨花台,安德门,118.765818,31.997544,1983,8,221
3115549792,https://nj.lianjia.com/ershoufang/103115549792.html,安德门双地铁  家电齐全 采光好,251,36017,江苏警官学院家属区,2室1厅1厨1卫,中楼层 (共5层),69.69,暂无数据,128,板楼,南,混合结构,其他,一梯两户,无,2021/6/13,房改房,2000/1/20,满五年,普通住宅,共有,无抵押,已上传房本照片,安德门双地铁  家电齐全 采光好 ,0,1.47E+14,https://nj.lianjia.com/xiaoqu/147331448893410/,雨花台,安德门,118.765818,31.997544,1983,8,221
3112281814,https://nj.lianjia.com/ershoufang/103112281814.html,楼层好 精装修 复式挑高户型 拎包入住,219,39080,明门公寓,2室1厅1厨2卫,高楼层 (共13层),56.04,跃层,129,板楼,南 北,钢混结构,其他,两梯十二户,有,2020/11/19,商品房,2016/11/4,满两年,普通住宅,非共有,有抵押75万元,已上传房本照片,楼层好 精装修  业主诚心出售 拎包入住,4,1.41E+12,https://nj.lianjia.com/xiaoqu/1411042896958/,雨花台,安德门,118.770685,32.001864,2011,2,401
3112013511,https://nj.lianjia.com/ershoufang/103112013511.html,安德门商圈 生活方便 业主靠谱 双本两房,240,44273,明门公寓,2室1厅1厨2卫,高楼层 (共13层),54.21,跃层,130,板楼,南,钢混结构,精装,两梯十二户,有,2020/11/1,商品房,暂无数据,暂无数据,酒店式公寓,共有,有抵押40万元,未上传房本照片,安德门商圈 生活方便 满五唯一 双本两房,1,1.41E+12,https://nj.lianjia.com/xiaoqu/1411042896958/,雨花台,安德门,118.770685,32.001864,2011,2,401
3114092904,https://nj.lianjia.com/ershoufang/103114092904.html,满五年 楼层好 配套齐全  业主诚心出售,225,41044,明门公寓,2室1厅1厨1卫,中楼层 (共13层),54.82,跃层,131,板楼,南 北,钢混结构,其他,两梯十二户,有,2021/3/25,商品房,暂无数据,暂无数据,酒店式公寓,非共有,无抵押,未上传房本照片,满五年 楼层好 配套齐全  业主诚心出售,0,1.41E+12,https://nj.lianjia.com/xiaoqu/1411042896958/,雨花台,安德门,118.770685,32.001864,2011,2,401
3114345846,https://nj.lianjia.com/ershoufang/103114345846.html,居家精装修 朝向西南 三房胡庆全明,330,41773,明门公寓,3室2厅1厨1卫,高楼层 (共13层),79,跃层,132,板楼,西南,钢混结构,其他,两梯十二户,有,2021/4/8,商品房,暂无数据,暂无数据,酒店式公寓,非共有,无抵押,未上传房本照片,楼层好 精装修 业主诚心出售 拎包入住,2,1.41E+12,https://nj.lianjia.com/xiaoqu/1411042896958/,雨花台,安德门,118.770685,32.001864,2011,2,401
3113437937,https://nj.lianjia.com/ershoufang/103113437937.html,满五年 换房出售 看房方便 商圈成熟,317,41169,明门公寓,3室2厅1厨2卫,中楼层 (共13层),77,暂无数据,133,板楼,南 北,钢混结构,其他,两梯十二户,有,2021/2/22,商品房,暂无数据,暂无数据,酒店式公寓,非共有,有抵押30万元南京银行业主自还,未上传房本照片,满五年 换房出售 看房方便 商圈成熟,1,1.41E+12,https://nj.lianjia.com/xiaoqu/1411042896958/,雨花台,安德门,118.770685,32.001864,2011,2,401
3107839726,https://nj.lianjia.com/ershoufang/103107839726.html,基础设施完善 交通便利 采光好,660,44475,柏悦澜庭,4室2厅1厨2卫,低楼层 (共11层),148.4,平层,134,板楼,南 北,钢混结构,其他,一梯两户,有,2020/3/2,商品房,2013/10/30,满五年,普通住宅,共有,无抵押,已上传房本照片,虹悦城商圈 银城物业 满五年 业主诚心出售,1,1.41E+12,https://nj.lianjia.com/xiaoqu/1411046935598/,雨花台,安德门,118.760547,31.995307,2013,23,255
3113451536,https://nj.lianjia.com/ershoufang/103113451536.html,安德门地铁 出行方便 单价低。,280,26931,益居园,3室1厅1厨1卫,高楼层 (共7层),103.97,平层,135,板楼,南 北,砖混结构,简装,一梯两户,无,2021/2/22,商品房,2009/2/3,满五年,普通住宅,非共有,无抵押,已上传房本照片,满五唯一 安德门地铁 出行方便。,1,1.41E+12,https://nj.lianjia.com/xiaoqu/1411047580683/,雨花台,安德门,118.766849,31.998097,1998,5,231
3109921627,https://nj.lianjia.com/ershoufang/103109921627.html,采光好 不沿街 安德门地铁口 交通十分便捷,260,35705,益居园,2室1厅1厨1卫,高楼层 (共6层),72.82,平层,136,板楼,南,混合结构,简装,一梯两户,无,2020/6/26,商品房,暂无数据,暂无数据,普通住宅,非共有,无抵押,未上传房本照片,得房率高 一号线和十号线安德门地铁口 毛坯 改造性大,0,1.41E+12,https://nj.lianjia.com/xiaoqu/1411047580683/,雨花台,安德门,118.766849,31.998097,1998,5,231
